<?xml version="1.0" ?>
<LOG_ROOT>
	<PROJECT NAME="MultiCycle_ControlUnit">
		<CBX_INST_ENTRY INSTANCE_NAME="|myMultiCycleProcessor|InstructionMemory:inst32|LPM_RAM_DP:inst2|altdpram:sram" CBX_FILE_NAME="dpram_5pe1.tdf"/>
		<CBX_INST_ENTRY INSTANCE_NAME="|myMultiCycleProcessor|MyRegisterFile:inst13|mux_8to1:R1_selector|mux4to1_8bit:inst1|BUSMUX:inst1|lpm_mux:$00000" CBX_FILE_NAME="mux_tnc.tdf"/>
		<CBX_INST_ENTRY INSTANCE_NAME="|myMultiCycleProcessor|MyRegisterFile:inst13|mux_8to1:R1_selector|mux4to1_8bit:inst|BUSMUX:inst2|lpm_mux:$00000" CBX_FILE_NAME="mux_tnc.tdf"/>
		<CBX_INST_ENTRY INSTANCE_NAME="|myMultiCycleProcessor|MyRegisterFile:inst13|mux_8to1:R2_selector|mux4to1_8bit:inst1|BUSMUX:inst|lpm_mux:$00000" CBX_FILE_NAME="mux_tnc.tdf"/>
		<CBX_INST_ENTRY INSTANCE_NAME="|myMultiCycleProcessor|MyRegisterFile:inst13|mux_8to1:R2_selector|mux4to1_8bit:inst|BUSMUX:inst1|lpm_mux:$00000" CBX_FILE_NAME="mux_tnc.tdf"/>
		<CBX_INST_ENTRY INSTANCE_NAME="|myMultiCycleProcessor|MyRegisterFile:inst13|mux_8to1:R1_selector|mux4to1_8bit:inst1|BUSMUX:inst2|lpm_mux:$00000" CBX_FILE_NAME="mux_tnc.tdf"/>
		<CBX_INST_ENTRY INSTANCE_NAME="|myMultiCycleProcessor|MyRegisterFile:inst13|mux_8to1:R2_selector|mux4to1_8bit:inst1|BUSMUX:inst1|lpm_mux:$00000" CBX_FILE_NAME="mux_tnc.tdf"/>
		<CBX_INST_ENTRY INSTANCE_NAME="|myMultiCycleProcessor|MyRegisterFile:inst13|mux_8to1:R2_selector|mux4to1_8bit:inst|BUSMUX:inst2|lpm_mux:$00000" CBX_FILE_NAME="mux_tnc.tdf"/>
		<CBX_INST_ENTRY INSTANCE_NAME="|myMultiCycleProcessor|MyRegisterFile:inst13|mux_8to1:R2_selector|mux4to1_8bit:inst1|BUSMUX:inst2|lpm_mux:$00000" CBX_FILE_NAME="mux_tnc.tdf"/>
		<CBX_INST_ENTRY INSTANCE_NAME="|myMultiCycleProcessor|myALU:inst14|mux4to1_8bit:inst13|BUSMUX:inst|lpm_mux:$00000" CBX_FILE_NAME="mux_tnc.tdf"/>
		<CBX_INST_ENTRY INSTANCE_NAME="|myMultiCycleProcessor|BUSMUX:inst20|lpm_mux:$00000" CBX_FILE_NAME="mux_tnc.tdf"/>
		<CBX_INST_ENTRY INSTANCE_NAME="|myMultiCycleProcessor|mux4to1_8bit:inst24|BUSMUX:inst|lpm_mux:$00000" CBX_FILE_NAME="mux_tnc.tdf"/>
		<CBX_INST_ENTRY INSTANCE_NAME="|myMultiCycleProcessor|myALU:inst14|Add_8bit:inst1|CSA_8bit:inst|MUX:inst5|lpm_mux:$00001" CBX_FILE_NAME="mux_mnc.tdf"/>
		<CBX_INST_ENTRY INSTANCE_NAME="|myMultiCycleProcessor|myALU:inst14|Sub_8bit:inst5|CSA_8bit:inst|BUSMUX:instance|lpm_mux:$00000" CBX_FILE_NAME="mux_pnc.tdf"/>
		<CBX_INST_ENTRY INSTANCE_NAME="|myMultiCycleProcessor|myALU:inst14|mux4to1_8bit:inst13|BUSMUX:inst1|lpm_mux:$00000" CBX_FILE_NAME="mux_tnc.tdf"/>
		<CBX_INST_ENTRY INSTANCE_NAME="|myMultiCycleProcessor|BUSMUX:inst21|lpm_mux:$00000" CBX_FILE_NAME="mux_tnc.tdf"/>
		<CBX_INST_ENTRY INSTANCE_NAME="|myMultiCycleProcessor|BUSMUX:inst30|lpm_mux:$00000" CBX_FILE_NAME="mux_onc.tdf"/>
		<CBX_INST_ENTRY INSTANCE_NAME="|myMultiCycleProcessor|MyRegisterFile:inst13|mux_8to1:R1_selector|BUSMUX:inst2|lpm_mux:$00000" CBX_FILE_NAME="mux_tnc.tdf"/>
		<CBX_INST_ENTRY INSTANCE_NAME="|myMultiCycleProcessor|mux4to1_8bit:inst24|BUSMUX:inst1|lpm_mux:$00000" CBX_FILE_NAME="mux_tnc.tdf"/>
		<CBX_INST_ENTRY INSTANCE_NAME="|myMultiCycleProcessor|myALU:inst14|BUSMUX:inst11|lpm_mux:$00000" CBX_FILE_NAME="mux_tnc.tdf"/>
		<CBX_INST_ENTRY INSTANCE_NAME="|myMultiCycleProcessor|myALU:inst14|booth_multiplier_8bit:inst8|mux4to1_8bit:inst2|BUSMUX:inst|lpm_mux:$00000" CBX_FILE_NAME="mux_tnc.tdf"/>
		<CBX_INST_ENTRY INSTANCE_NAME="|myMultiCycleProcessor|myALU:inst14|mux4to1_8bit:inst13|BUSMUX:inst2|lpm_mux:$00000" CBX_FILE_NAME="mux_tnc.tdf"/>
		<CBX_INST_ENTRY INSTANCE_NAME="|myMultiCycleProcessor|MyRegisterFile:inst13|mux_8to1:R2_selector|BUSMUX:inst2|lpm_mux:$00000" CBX_FILE_NAME="mux_tnc.tdf"/>
		<CBX_INST_ENTRY INSTANCE_NAME="|myMultiCycleProcessor|mux4to1_8bit:inst24|BUSMUX:inst2|lpm_mux:$00000" CBX_FILE_NAME="mux_tnc.tdf"/>
		<CBX_INST_ENTRY INSTANCE_NAME="|myMultiCycleProcessor|myALU:inst14|BUSMUX:inst12|lpm_mux:$00000" CBX_FILE_NAME="mux_tnc.tdf"/>
		<CBX_INST_ENTRY INSTANCE_NAME="|myMultiCycleProcessor|myALU:inst14|booth_multiplier_8bit:inst8|Add_8bit:inst4|CSA_8bit:inst|BUSMUX:instance|lpm_mux:$00000" CBX_FILE_NAME="mux_pnc.tdf"/>
		<CBX_INST_ENTRY INSTANCE_NAME="|myMultiCycleProcessor|myALU:inst14|booth_multiplier_8bit:inst8|mux4to1_8bit:inst2|BUSMUX:inst1|lpm_mux:$00000" CBX_FILE_NAME="mux_tnc.tdf"/>
		<CBX_INST_ENTRY INSTANCE_NAME="|myMultiCycleProcessor|InstructionMemory:inst32|LPM_RAM_DP:inst2|altdpram:sram|altsyncram:ram_block" CBX_FILE_NAME="altsyncram_0a32.tdf"/>
		<CBX_INST_ENTRY INSTANCE_NAME="|myMultiCycleProcessor|InstructionMemory:inst32|lpm_constant0:inst3|lpm_constant:LPM_CONSTANT_component" CBX_FILE_NAME="lpm_constant_qf6.tdf"/>
		<CBX_INST_ENTRY INSTANCE_NAME="|myMultiCycleProcessor|MyRegisterFile:inst13|mux_8to1:R1_selector|mux4to1_8bit:inst|BUSMUX:inst|lpm_mux:$00000" CBX_FILE_NAME="mux_tnc.tdf"/>
		<CBX_INST_ENTRY INSTANCE_NAME="|myMultiCycleProcessor|myALU:inst14|Add_8bit:inst1|CSA_8bit:inst|BUSMUX:instance|lpm_mux:$00000" CBX_FILE_NAME="mux_pnc.tdf"/>
		<CBX_INST_ENTRY INSTANCE_NAME="|myMultiCycleProcessor|myALU:inst14|booth_multiplier_8bit:inst8|mux4to1_8bit:inst2|BUSMUX:inst2|lpm_mux:$00000" CBX_FILE_NAME="mux_tnc.tdf"/>
		<CBX_INST_ENTRY INSTANCE_NAME="|myMultiCycleProcessor|MyRegisterFile:inst13|mux_8to1:R1_selector|mux4to1_8bit:inst1|BUSMUX:inst|lpm_mux:$00000" CBX_FILE_NAME="mux_tnc.tdf"/>
		<CBX_INST_ENTRY INSTANCE_NAME="|myMultiCycleProcessor|MyRegisterFile:inst13|mux_8to1:R1_selector|mux4to1_8bit:inst|BUSMUX:inst1|lpm_mux:$00000" CBX_FILE_NAME="mux_tnc.tdf"/>
		<CBX_INST_ENTRY INSTANCE_NAME="|myMultiCycleProcessor|MyRegisterFile:inst13|mux_8to1:R2_selector|mux4to1_8bit:inst|BUSMUX:inst|lpm_mux:$00000" CBX_FILE_NAME="mux_tnc.tdf"/>
		<CBX_INST_ENTRY INSTANCE_NAME="|myMultiCycleProcessor|lpm_constant4:inst22|lpm_constant:LPM_CONSTANT_component" CBX_FILE_NAME="lpm_constant_sf6.tdf"/>
		<CBX_INST_ENTRY INSTANCE_NAME="|myMultiCycleProcessor|mux4to1_8bit:inst19|BUSMUX:inst|lpm_mux:$00000" CBX_FILE_NAME="mux_tnc.tdf"/>
		<CBX_INST_ENTRY INSTANCE_NAME="|myMultiCycleProcessor|myALU:inst14|booth_multiplier_8bit:inst8|Sub_8bit:inst8|CSA_8bit:inst|MUX:inst5|lpm_mux:$00001" CBX_FILE_NAME="mux_mnc.tdf"/>
		<CBX_INST_ENTRY INSTANCE_NAME="|myMultiCycleProcessor|BUSMUX:inst25|lpm_mux:$00000" CBX_FILE_NAME="mux_tnc.tdf"/>
		<CBX_INST_ENTRY INSTANCE_NAME="|myMultiCycleProcessor|mux4to1_8bit:inst19|BUSMUX:inst1|lpm_mux:$00000" CBX_FILE_NAME="mux_tnc.tdf"/>
		<CBX_INST_ENTRY INSTANCE_NAME="|myMultiCycleProcessor|myALU:inst14|Sub_8bit:inst5|CSA_8bit:inst|MUX:inst5|lpm_mux:$00001" CBX_FILE_NAME="mux_mnc.tdf"/>
		<CBX_INST_ENTRY INSTANCE_NAME="|myMultiCycleProcessor|BUSMUX:inst26|lpm_mux:$00000" CBX_FILE_NAME="mux_tnc.tdf"/>
		<CBX_INST_ENTRY INSTANCE_NAME="|myMultiCycleProcessor|mux4to1_8bit:inst19|BUSMUX:inst2|lpm_mux:$00000" CBX_FILE_NAME="mux_tnc.tdf"/>
		<CBX_INST_ENTRY INSTANCE_NAME="|myMultiCycleProcessor|BUSMUX:inst27|lpm_mux:$00000" CBX_FILE_NAME="mux_onc.tdf"/>
		<CBX_INST_ENTRY INSTANCE_NAME="|myMultiCycleProcessor|myALU:inst14|booth_multiplier_8bit:inst8|Add_8bit:inst4|CSA_8bit:inst|MUX:inst5|lpm_mux:$00001" CBX_FILE_NAME="mux_mnc.tdf"/>
		<CBX_INST_ENTRY INSTANCE_NAME="|myMultiCycleProcessor|myALU:inst14|booth_multiplier_8bit:inst8|Sub_8bit:inst8|CSA_8bit:inst|BUSMUX:instance|lpm_mux:$00000" CBX_FILE_NAME="mux_pnc.tdf"/>
		<CBX_INST_ENTRY INSTANCE_NAME="|myMultiCycleProcessor|BUSMUX:inst28|lpm_mux:$00000" CBX_FILE_NAME="mux_tnc.tdf"/>
	</PROJECT>
</LOG_ROOT>
