<?xml version="1.0" ?>
<LOG_ROOT>
	<PROJECT NAME="gather">
		<CBX_INST_ENTRY INSTANCE_NAME="|gather|lpm_constant_minusOne:inst28|lpm_constant:LPM_CONSTANT_component" CBX_FILE_NAME="lpm_constant_1r6.tdf"/>
		<CBX_INST_ENTRY INSTANCE_NAME="|gather|BUSMUX:inst25|lpm_mux:$00000" CBX_FILE_NAME="mux_n0d.tdf"/>
		<CBX_INST_ENTRY INSTANCE_NAME="|gather|BUSMUX:inst26|lpm_mux:$00000" CBX_FILE_NAME="mux_n0d.tdf"/>
		<CBX_INST_ENTRY INSTANCE_NAME="|gather|mux16to1_16bit:inst|mux4to1_16bit:inst|BUSMUX:inst|lpm_mux:$00000" CBX_FILE_NAME="mux_n0d.tdf"/>
		<CBX_INST_ENTRY INSTANCE_NAME="|gather|mux16to1_16bit:inst|mux4to1_16bit:inst1|BUSMUX:inst|lpm_mux:$00000" CBX_FILE_NAME="mux_n0d.tdf"/>
		<CBX_INST_ENTRY INSTANCE_NAME="|gather|mux16to1_16bit:inst|mux4to1_16bit:inst|BUSMUX:inst1|lpm_mux:$00000" CBX_FILE_NAME="mux_n0d.tdf"/>
		<CBX_INST_ENTRY INSTANCE_NAME="|gather|BUSMUX:inst29|lpm_mux:$00000" CBX_FILE_NAME="mux_n0d.tdf"/>
		<CBX_INST_ENTRY INSTANCE_NAME="|gather|mux16to1_16bit:inst|mux4to1_16bit:inst1|BUSMUX:inst1|lpm_mux:$00000" CBX_FILE_NAME="mux_n0d.tdf"/>
		<CBX_INST_ENTRY INSTANCE_NAME="|gather|mux16to1_16bit:inst|mux4to1_16bit:inst2|BUSMUX:inst|lpm_mux:$00000" CBX_FILE_NAME="mux_n0d.tdf"/>
		<CBX_INST_ENTRY INSTANCE_NAME="|gather|mux16to1_16bit:inst|mux4to1_16bit:inst|BUSMUX:inst2|lpm_mux:$00000" CBX_FILE_NAME="mux_n0d.tdf"/>
		<CBX_INST_ENTRY INSTANCE_NAME="|gather|mux16to1_16bit:inst|mux4to1_16bit:inst1|BUSMUX:inst2|lpm_mux:$00000" CBX_FILE_NAME="mux_n0d.tdf"/>
		<CBX_INST_ENTRY INSTANCE_NAME="|gather|mux16to1_16bit:inst|mux4to1_16bit:inst2|BUSMUX:inst1|lpm_mux:$00000" CBX_FILE_NAME="mux_n0d.tdf"/>
		<CBX_INST_ENTRY INSTANCE_NAME="|gather|mux16to1_16bit:inst|mux4to1_16bit:inst3|BUSMUX:inst|lpm_mux:$00000" CBX_FILE_NAME="mux_n0d.tdf"/>
		<CBX_INST_ENTRY INSTANCE_NAME="|gather|mux16to1_16bit:inst22|mux4to1_16bit:inst|BUSMUX:inst|lpm_mux:$00000" CBX_FILE_NAME="mux_n0d.tdf"/>
		<CBX_INST_ENTRY INSTANCE_NAME="|gather|mux16to1_16bit:inst|mux4to1_16bit:inst2|BUSMUX:inst2|lpm_mux:$00000" CBX_FILE_NAME="mux_n0d.tdf"/>
		<CBX_INST_ENTRY INSTANCE_NAME="|gather|mux16to1_16bit:inst|mux4to1_16bit:inst3|BUSMUX:inst1|lpm_mux:$00000" CBX_FILE_NAME="mux_n0d.tdf"/>
		<CBX_INST_ENTRY INSTANCE_NAME="|gather|mux16to1_16bit:inst|mux4to1_16bit:inst4|BUSMUX:inst|lpm_mux:$00000" CBX_FILE_NAME="mux_n0d.tdf"/>
		<CBX_INST_ENTRY INSTANCE_NAME="|gather|lpm_constant_minusOne:inst30|lpm_constant:LPM_CONSTANT_component" CBX_FILE_NAME="lpm_constant_1r6.tdf"/>
		<CBX_INST_ENTRY INSTANCE_NAME="|gather|mux16to1_16bit:inst22|mux4to1_16bit:inst1|BUSMUX:inst|lpm_mux:$00000" CBX_FILE_NAME="mux_n0d.tdf"/>
		<CBX_INST_ENTRY INSTANCE_NAME="|gather|mux16to1_16bit:inst22|mux4to1_16bit:inst|BUSMUX:inst1|lpm_mux:$00000" CBX_FILE_NAME="mux_n0d.tdf"/>
		<CBX_INST_ENTRY INSTANCE_NAME="|gather|mux16to1_16bit:inst23|mux4to1_16bit:inst|BUSMUX:inst|lpm_mux:$00000" CBX_FILE_NAME="mux_n0d.tdf"/>
		<CBX_INST_ENTRY INSTANCE_NAME="|gather|mux16to1_16bit:inst|mux4to1_16bit:inst3|BUSMUX:inst2|lpm_mux:$00000" CBX_FILE_NAME="mux_n0d.tdf"/>
		<CBX_INST_ENTRY INSTANCE_NAME="|gather|mux16to1_16bit:inst|mux4to1_16bit:inst4|BUSMUX:inst1|lpm_mux:$00000" CBX_FILE_NAME="mux_n0d.tdf"/>
		<CBX_INST_ENTRY INSTANCE_NAME="|gather|mux16to1_16bit:inst22|mux4to1_16bit:inst1|BUSMUX:inst1|lpm_mux:$00000" CBX_FILE_NAME="mux_n0d.tdf"/>
		<CBX_INST_ENTRY INSTANCE_NAME="|gather|mux16to1_16bit:inst22|mux4to1_16bit:inst2|BUSMUX:inst|lpm_mux:$00000" CBX_FILE_NAME="mux_n0d.tdf"/>
		<CBX_INST_ENTRY INSTANCE_NAME="|gather|mux16to1_16bit:inst22|mux4to1_16bit:inst|BUSMUX:inst2|lpm_mux:$00000" CBX_FILE_NAME="mux_n0d.tdf"/>
		<CBX_INST_ENTRY INSTANCE_NAME="|gather|mux16to1_16bit:inst23|mux4to1_16bit:inst1|BUSMUX:inst|lpm_mux:$00000" CBX_FILE_NAME="mux_n0d.tdf"/>
		<CBX_INST_ENTRY INSTANCE_NAME="|gather|mux16to1_16bit:inst23|mux4to1_16bit:inst|BUSMUX:inst1|lpm_mux:$00000" CBX_FILE_NAME="mux_n0d.tdf"/>
		<CBX_INST_ENTRY INSTANCE_NAME="|gather|mux16to1_16bit:inst24|mux4to1_16bit:inst|BUSMUX:inst|lpm_mux:$00000" CBX_FILE_NAME="mux_n0d.tdf"/>
		<CBX_INST_ENTRY INSTANCE_NAME="|gather|mux16to1_16bit:inst|mux4to1_16bit:inst4|BUSMUX:inst2|lpm_mux:$00000" CBX_FILE_NAME="mux_n0d.tdf"/>
		<CBX_INST_ENTRY INSTANCE_NAME="|gather|lpm_constant_minusOne:inst32|lpm_constant:LPM_CONSTANT_component" CBX_FILE_NAME="lpm_constant_1r6.tdf"/>
		<CBX_INST_ENTRY INSTANCE_NAME="|gather|mux16to1_16bit:inst22|mux4to1_16bit:inst1|BUSMUX:inst2|lpm_mux:$00000" CBX_FILE_NAME="mux_n0d.tdf"/>
		<CBX_INST_ENTRY INSTANCE_NAME="|gather|mux16to1_16bit:inst22|mux4to1_16bit:inst2|BUSMUX:inst1|lpm_mux:$00000" CBX_FILE_NAME="mux_n0d.tdf"/>
		<CBX_INST_ENTRY INSTANCE_NAME="|gather|mux16to1_16bit:inst22|mux4to1_16bit:inst3|BUSMUX:inst|lpm_mux:$00000" CBX_FILE_NAME="mux_n0d.tdf"/>
		<CBX_INST_ENTRY INSTANCE_NAME="|gather|mux16to1_16bit:inst23|mux4to1_16bit:inst1|BUSMUX:inst1|lpm_mux:$00000" CBX_FILE_NAME="mux_n0d.tdf"/>
		<CBX_INST_ENTRY INSTANCE_NAME="|gather|mux16to1_16bit:inst23|mux4to1_16bit:inst2|BUSMUX:inst|lpm_mux:$00000" CBX_FILE_NAME="mux_n0d.tdf"/>
		<CBX_INST_ENTRY INSTANCE_NAME="|gather|mux16to1_16bit:inst23|mux4to1_16bit:inst|BUSMUX:inst2|lpm_mux:$00000" CBX_FILE_NAME="mux_n0d.tdf"/>
		<CBX_INST_ENTRY INSTANCE_NAME="|gather|mux16to1_16bit:inst24|mux4to1_16bit:inst1|BUSMUX:inst|lpm_mux:$00000" CBX_FILE_NAME="mux_n0d.tdf"/>
		<CBX_INST_ENTRY INSTANCE_NAME="|gather|mux16to1_16bit:inst24|mux4to1_16bit:inst|BUSMUX:inst1|lpm_mux:$00000" CBX_FILE_NAME="mux_n0d.tdf"/>
		<CBX_INST_ENTRY INSTANCE_NAME="|gather|mux16to1_16bit:inst22|mux4to1_16bit:inst2|BUSMUX:inst2|lpm_mux:$00000" CBX_FILE_NAME="mux_n0d.tdf"/>
		<CBX_INST_ENTRY INSTANCE_NAME="|gather|mux16to1_16bit:inst22|mux4to1_16bit:inst3|BUSMUX:inst1|lpm_mux:$00000" CBX_FILE_NAME="mux_n0d.tdf"/>
		<CBX_INST_ENTRY INSTANCE_NAME="|gather|mux16to1_16bit:inst22|mux4to1_16bit:inst4|BUSMUX:inst|lpm_mux:$00000" CBX_FILE_NAME="mux_n0d.tdf"/>
		<CBX_INST_ENTRY INSTANCE_NAME="|gather|mux16to1_16bit:inst23|mux4to1_16bit:inst1|BUSMUX:inst2|lpm_mux:$00000" CBX_FILE_NAME="mux_n0d.tdf"/>
		<CBX_INST_ENTRY INSTANCE_NAME="|gather|mux16to1_16bit:inst23|mux4to1_16bit:inst2|BUSMUX:inst1|lpm_mux:$00000" CBX_FILE_NAME="mux_n0d.tdf"/>
		<CBX_INST_ENTRY INSTANCE_NAME="|gather|mux16to1_16bit:inst23|mux4to1_16bit:inst3|BUSMUX:inst|lpm_mux:$00000" CBX_FILE_NAME="mux_n0d.tdf"/>
		<CBX_INST_ENTRY INSTANCE_NAME="|gather|mux16to1_16bit:inst24|mux4to1_16bit:inst1|BUSMUX:inst1|lpm_mux:$00000" CBX_FILE_NAME="mux_n0d.tdf"/>
		<CBX_INST_ENTRY INSTANCE_NAME="|gather|mux16to1_16bit:inst24|mux4to1_16bit:inst2|BUSMUX:inst|lpm_mux:$00000" CBX_FILE_NAME="mux_n0d.tdf"/>
		<CBX_INST_ENTRY INSTANCE_NAME="|gather|mux16to1_16bit:inst24|mux4to1_16bit:inst|BUSMUX:inst2|lpm_mux:$00000" CBX_FILE_NAME="mux_n0d.tdf"/>
		<CBX_INST_ENTRY INSTANCE_NAME="|gather|mux16to1_16bit:inst22|mux4to1_16bit:inst3|BUSMUX:inst2|lpm_mux:$00000" CBX_FILE_NAME="mux_n0d.tdf"/>
		<CBX_INST_ENTRY INSTANCE_NAME="|gather|mux16to1_16bit:inst22|mux4to1_16bit:inst4|BUSMUX:inst1|lpm_mux:$00000" CBX_FILE_NAME="mux_n0d.tdf"/>
		<CBX_INST_ENTRY INSTANCE_NAME="|gather|mux16to1_16bit:inst23|mux4to1_16bit:inst2|BUSMUX:inst2|lpm_mux:$00000" CBX_FILE_NAME="mux_n0d.tdf"/>
		<CBX_INST_ENTRY INSTANCE_NAME="|gather|mux16to1_16bit:inst23|mux4to1_16bit:inst3|BUSMUX:inst1|lpm_mux:$00000" CBX_FILE_NAME="mux_n0d.tdf"/>
		<CBX_INST_ENTRY INSTANCE_NAME="|gather|mux16to1_16bit:inst23|mux4to1_16bit:inst4|BUSMUX:inst|lpm_mux:$00000" CBX_FILE_NAME="mux_n0d.tdf"/>
		<CBX_INST_ENTRY INSTANCE_NAME="|gather|mux16to1_16bit:inst24|mux4to1_16bit:inst1|BUSMUX:inst2|lpm_mux:$00000" CBX_FILE_NAME="mux_n0d.tdf"/>
		<CBX_INST_ENTRY INSTANCE_NAME="|gather|mux16to1_16bit:inst24|mux4to1_16bit:inst2|BUSMUX:inst1|lpm_mux:$00000" CBX_FILE_NAME="mux_n0d.tdf"/>
		<CBX_INST_ENTRY INSTANCE_NAME="|gather|mux16to1_16bit:inst24|mux4to1_16bit:inst3|BUSMUX:inst|lpm_mux:$00000" CBX_FILE_NAME="mux_n0d.tdf"/>
		<CBX_INST_ENTRY INSTANCE_NAME="|gather|mux16to1_16bit:inst22|mux4to1_16bit:inst4|BUSMUX:inst2|lpm_mux:$00000" CBX_FILE_NAME="mux_n0d.tdf"/>
		<CBX_INST_ENTRY INSTANCE_NAME="|gather|mux16to1_16bit:inst23|mux4to1_16bit:inst3|BUSMUX:inst2|lpm_mux:$00000" CBX_FILE_NAME="mux_n0d.tdf"/>
		<CBX_INST_ENTRY INSTANCE_NAME="|gather|mux16to1_16bit:inst23|mux4to1_16bit:inst4|BUSMUX:inst1|lpm_mux:$00000" CBX_FILE_NAME="mux_n0d.tdf"/>
		<CBX_INST_ENTRY INSTANCE_NAME="|gather|mux16to1_16bit:inst24|mux4to1_16bit:inst2|BUSMUX:inst2|lpm_mux:$00000" CBX_FILE_NAME="mux_n0d.tdf"/>
		<CBX_INST_ENTRY INSTANCE_NAME="|gather|mux16to1_16bit:inst24|mux4to1_16bit:inst3|BUSMUX:inst1|lpm_mux:$00000" CBX_FILE_NAME="mux_n0d.tdf"/>
		<CBX_INST_ENTRY INSTANCE_NAME="|gather|mux16to1_16bit:inst24|mux4to1_16bit:inst4|BUSMUX:inst|lpm_mux:$00000" CBX_FILE_NAME="mux_n0d.tdf"/>
		<CBX_INST_ENTRY INSTANCE_NAME="|gather|BUSMUX:inst31|lpm_mux:$00000" CBX_FILE_NAME="mux_n0d.tdf"/>
		<CBX_INST_ENTRY INSTANCE_NAME="|gather|lpm_constant_minusOne:inst27|lpm_constant:LPM_CONSTANT_component" CBX_FILE_NAME="lpm_constant_1r6.tdf"/>
		<CBX_INST_ENTRY INSTANCE_NAME="|gather|mux16to1_16bit:inst23|mux4to1_16bit:inst4|BUSMUX:inst2|lpm_mux:$00000" CBX_FILE_NAME="mux_n0d.tdf"/>
		<CBX_INST_ENTRY INSTANCE_NAME="|gather|mux16to1_16bit:inst24|mux4to1_16bit:inst3|BUSMUX:inst2|lpm_mux:$00000" CBX_FILE_NAME="mux_n0d.tdf"/>
		<CBX_INST_ENTRY INSTANCE_NAME="|gather|mux16to1_16bit:inst24|mux4to1_16bit:inst4|BUSMUX:inst1|lpm_mux:$00000" CBX_FILE_NAME="mux_n0d.tdf"/>
		<CBX_INST_ENTRY INSTANCE_NAME="|gather|mux16to1_16bit:inst24|mux4to1_16bit:inst4|BUSMUX:inst2|lpm_mux:$00000" CBX_FILE_NAME="mux_n0d.tdf"/>
	</PROJECT>
</LOG_ROOT>
