<?xml version="1.0" ?>
<LOG_ROOT>
	<PROJECT NAME="MyRegisterFile">
		<CBX_INST_ENTRY INSTANCE_NAME="|MyRegisterFile|mux_8to1:R1_selector|mux4to1_8bit:inst1|BUSMUX:inst2|lpm_mux:$00000" CBX_FILE_NAME="mux_8vc.tdf"/>
		<CBX_INST_ENTRY INSTANCE_NAME="|MyRegisterFile|mux_8to1:R2_selector|BUSMUX:inst2|lpm_mux:$00000" CBX_FILE_NAME="mux_8vc.tdf"/>
		<CBX_INST_ENTRY INSTANCE_NAME="|MyRegisterFile|mux_8to1:R2_selector|mux4to1_8bit:inst1|BUSMUX:inst1|lpm_mux:$00000" CBX_FILE_NAME="mux_8vc.tdf"/>
		<CBX_INST_ENTRY INSTANCE_NAME="|MyRegisterFile|mux_8to1:R2_selector|mux4to1_8bit:inst|BUSMUX:inst2|lpm_mux:$00000" CBX_FILE_NAME="mux_8vc.tdf"/>
		<CBX_INST_ENTRY INSTANCE_NAME="|MyRegisterFile|mux_8to1:R1_selector|mux4to1_8bit:inst|BUSMUX:inst|lpm_mux:$00000" CBX_FILE_NAME="mux_8vc.tdf"/>
		<CBX_INST_ENTRY INSTANCE_NAME="|MyRegisterFile|mux_8to1:R2_selector|mux4to1_8bit:inst1|BUSMUX:inst2|lpm_mux:$00000" CBX_FILE_NAME="mux_8vc.tdf"/>
		<CBX_INST_ENTRY INSTANCE_NAME="|MyRegisterFile|mux_8to1:R1_selector|mux4to1_8bit:inst1|BUSMUX:inst|lpm_mux:$00000" CBX_FILE_NAME="mux_8vc.tdf"/>
		<CBX_INST_ENTRY INSTANCE_NAME="|MyRegisterFile|mux_8to1:R1_selector|mux4to1_8bit:inst|BUSMUX:inst1|lpm_mux:$00000" CBX_FILE_NAME="mux_8vc.tdf"/>
		<CBX_INST_ENTRY INSTANCE_NAME="|MyRegisterFile|mux_8to1:R2_selector|mux4to1_8bit:inst|BUSMUX:inst|lpm_mux:$00000" CBX_FILE_NAME="mux_8vc.tdf"/>
		<CBX_INST_ENTRY INSTANCE_NAME="|MyRegisterFile|mux_8to1:R1_selector|BUSMUX:inst2|lpm_mux:$00000" CBX_FILE_NAME="mux_8vc.tdf"/>
		<CBX_INST_ENTRY INSTANCE_NAME="|MyRegisterFile|mux_8to1:R1_selector|mux4to1_8bit:inst1|BUSMUX:inst1|lpm_mux:$00000" CBX_FILE_NAME="mux_8vc.tdf"/>
		<CBX_INST_ENTRY INSTANCE_NAME="|MyRegisterFile|mux_8to1:R1_selector|mux4to1_8bit:inst|BUSMUX:inst2|lpm_mux:$00000" CBX_FILE_NAME="mux_8vc.tdf"/>
		<CBX_INST_ENTRY INSTANCE_NAME="|MyRegisterFile|mux_8to1:R2_selector|mux4to1_8bit:inst1|BUSMUX:inst|lpm_mux:$00000" CBX_FILE_NAME="mux_8vc.tdf"/>
		<CBX_INST_ENTRY INSTANCE_NAME="|MyRegisterFile|mux_8to1:R2_selector|mux4to1_8bit:inst|BUSMUX:inst1|lpm_mux:$00000" CBX_FILE_NAME="mux_8vc.tdf"/>
	</PROJECT>
</LOG_ROOT>
