<?xml version="1.0" ?>
<LOG_ROOT>
	<PROJECT NAME="PipeLine">
		<CBX_INST_ENTRY INSTANCE_NAME="|DataPath|HazardUnit:inst46|lpm_decode1:inst31|lpm_decode:LPM_DECODE_component" CBX_FILE_NAME="decode_srf.tdf"/>
		<CBX_INST_ENTRY INSTANCE_NAME="|DataPath|MyRegisterFile:inst9|mux_8to1:R2_selector|BUSMUX:inst2|lpm_mux:$00000" CBX_FILE_NAME="mux_tnc.tdf"/>
		<CBX_INST_ENTRY INSTANCE_NAME="|DataPath|myALU:inst16|Sub_8bit:inst5|CSA_8bit:inst|MUX:inst5|lpm_mux:$00001" CBX_FILE_NAME="mux_mnc.tdf"/>
		<CBX_INST_ENTRY INSTANCE_NAME="|DataPath|HazardUnit:inst46|lpm_decode1:inst32|lpm_decode:LPM_DECODE_component" CBX_FILE_NAME="decode_srf.tdf"/>
		<CBX_INST_ENTRY INSTANCE_NAME="|DataPath|lpm_constant4:inst8|lpm_constant:LPM_CONSTANT_component" CBX_FILE_NAME="lpm_constant_3m6.tdf"/>
		<CBX_INST_ENTRY INSTANCE_NAME="|DataPath|DataMemory:inst29|LPM_RAM_DP:inst2|altdpram:sram|altsyncram:ram_block" CBX_FILE_NAME="altsyncram_0sv1.tdf"/>
		<CBX_INST_ENTRY INSTANCE_NAME="|DataPath|HazardUnit:inst46|lpm_decode1:inst24|lpm_decode:LPM_DECODE_component" CBX_FILE_NAME="decode_srf.tdf"/>
		<CBX_INST_ENTRY INSTANCE_NAME="|DataPath|HazardUnit:inst46|lpm_decode1:inst33|lpm_decode:LPM_DECODE_component" CBX_FILE_NAME="decode_srf.tdf"/>
		<CBX_INST_ENTRY INSTANCE_NAME="|DataPath|InstructionMemory:inst3|LPM_RAM_DP:inst2|altdpram:sram|altsyncram:ram_block" CBX_FILE_NAME="altsyncram_1222.tdf"/>
		<CBX_INST_ENTRY INSTANCE_NAME="|DataPath|myALU:inst16|booth_multiplier_8bit:inst8|Add_8bit:inst4|CSA_8bit:inst|MUX:inst5|lpm_mux:$00001" CBX_FILE_NAME="mux_mnc.tdf"/>
		<CBX_INST_ENTRY INSTANCE_NAME="|DataPath|myALU:inst16|booth_multiplier_8bit:inst8|Sub_8bit:inst8|CSA_8bit:inst|BUSMUX:instance|lpm_mux:$00000" CBX_FILE_NAME="mux_pnc.tdf"/>
		<CBX_INST_ENTRY INSTANCE_NAME="|DataPath|DataMemory:inst29|LPM_RAM_DP:inst2|altdpram:sram" CBX_FILE_NAME="dpram_sfb1.tdf"/>
		<CBX_INST_ENTRY INSTANCE_NAME="|DataPath|HazardUnit:inst46|lpm_decode1:inst26|lpm_decode:LPM_DECODE_component" CBX_FILE_NAME="decode_srf.tdf"/>
		<CBX_INST_ENTRY INSTANCE_NAME="|DataPath|InstructionMemory:inst3|LPM_RAM_DP:inst2|altdpram:sram" CBX_FILE_NAME="dpram_k4e1.tdf"/>
		<CBX_INST_ENTRY INSTANCE_NAME="|DataPath|HazardUnit:inst46|lpm_decode1:inst28|lpm_decode:LPM_DECODE_component" CBX_FILE_NAME="decode_srf.tdf"/>
		<CBX_INST_ENTRY INSTANCE_NAME="|DataPath|mux_4:inst2|BUSMUX:mux|lpm_mux:$00000" CBX_FILE_NAME="mux_tnc.tdf"/>
		<CBX_INST_ENTRY INSTANCE_NAME="|DataPath|myALU:inst16|Add_8bit:inst1|CSA_8bit:inst|BUSMUX:instance|lpm_mux:$00000" CBX_FILE_NAME="mux_pnc.tdf"/>
		<CBX_INST_ENTRY INSTANCE_NAME="|DataPath|HazardUnit:inst46|lpm_decode1:inst29|lpm_decode:LPM_DECODE_component" CBX_FILE_NAME="decode_srf.tdf"/>
		<CBX_INST_ENTRY INSTANCE_NAME="|DataPath|mux_4:inst2|BUSMUX:mux1|lpm_mux:$00000" CBX_FILE_NAME="mux_tnc.tdf"/>
		<CBX_INST_ENTRY INSTANCE_NAME="|DataPath|myALU:inst16|booth_multiplier_8bit:inst8|Sub_8bit:inst8|CSA_8bit:inst|MUX:inst5|lpm_mux:$00001" CBX_FILE_NAME="mux_mnc.tdf"/>
		<CBX_INST_ENTRY INSTANCE_NAME="|DataPath|BUSMUX:inst10|lpm_mux:$00000" CBX_FILE_NAME="mux_tnc.tdf"/>
		<CBX_INST_ENTRY INSTANCE_NAME="|DataPath|mux_4:inst2|BUSMUX:mux2|lpm_mux:$00000" CBX_FILE_NAME="mux_tnc.tdf"/>
		<CBX_INST_ENTRY INSTANCE_NAME="|DataPath|BUSMUX:inst20|lpm_mux:$00000" CBX_FILE_NAME="mux_onc.tdf"/>
		<CBX_INST_ENTRY INSTANCE_NAME="|DataPath|MyRegisterFile:inst9|mux_8to1:R1_selector|mux4to1_8bit:inst|BUSMUX:inst|lpm_mux:$00000" CBX_FILE_NAME="mux_tnc.tdf"/>
		<CBX_INST_ENTRY INSTANCE_NAME="|DataPath|BUSMUX:inst21|lpm_mux:$00000" CBX_FILE_NAME="mux_tnc.tdf"/>
		<CBX_INST_ENTRY INSTANCE_NAME="|DataPath|HazardUnit:inst46|MUX:inst4|lpm_mux:$00001" CBX_FILE_NAME="mux_unc.tdf"/>
		<CBX_INST_ENTRY INSTANCE_NAME="|DataPath|MyRegisterFile:inst9|mux_8to1:R1_selector|mux4to1_8bit:inst1|BUSMUX:inst|lpm_mux:$00000" CBX_FILE_NAME="mux_tnc.tdf"/>
		<CBX_INST_ENTRY INSTANCE_NAME="|DataPath|MyRegisterFile:inst9|mux_8to1:R1_selector|mux4to1_8bit:inst|BUSMUX:inst1|lpm_mux:$00000" CBX_FILE_NAME="mux_tnc.tdf"/>
		<CBX_INST_ENTRY INSTANCE_NAME="|DataPath|MyRegisterFile:inst9|mux_8to1:R2_selector|mux4to1_8bit:inst|BUSMUX:inst|lpm_mux:$00000" CBX_FILE_NAME="mux_tnc.tdf"/>
		<CBX_INST_ENTRY INSTANCE_NAME="|DataPath|myALU:inst16|mux4to1_8bit:inst13|BUSMUX:inst|lpm_mux:$00000" CBX_FILE_NAME="mux_tnc.tdf"/>
		<CBX_INST_ENTRY INSTANCE_NAME="|DataPath|BUSMUX:inst4|lpm_mux:$00000" CBX_FILE_NAME="mux_cpc.tdf"/>
		<CBX_INST_ENTRY INSTANCE_NAME="|DataPath|HazardUnit:inst46|MUX:inst5|lpm_mux:$00001" CBX_FILE_NAME="mux_unc.tdf"/>
		<CBX_INST_ENTRY INSTANCE_NAME="|DataPath|MyRegisterFile:inst9|mux_8to1:R1_selector|mux4to1_8bit:inst1|BUSMUX:inst1|lpm_mux:$00000" CBX_FILE_NAME="mux_tnc.tdf"/>
		<CBX_INST_ENTRY INSTANCE_NAME="|DataPath|MyRegisterFile:inst9|mux_8to1:R1_selector|mux4to1_8bit:inst|BUSMUX:inst2|lpm_mux:$00000" CBX_FILE_NAME="mux_tnc.tdf"/>
		<CBX_INST_ENTRY INSTANCE_NAME="|DataPath|MyRegisterFile:inst9|mux_8to1:R2_selector|mux4to1_8bit:inst1|BUSMUX:inst|lpm_mux:$00000" CBX_FILE_NAME="mux_tnc.tdf"/>
		<CBX_INST_ENTRY INSTANCE_NAME="|DataPath|MyRegisterFile:inst9|mux_8to1:R2_selector|mux4to1_8bit:inst|BUSMUX:inst1|lpm_mux:$00000" CBX_FILE_NAME="mux_tnc.tdf"/>
		<CBX_INST_ENTRY INSTANCE_NAME="|DataPath|myALU:inst16|Add_8bit:inst1|CSA_8bit:inst|MUX:inst5|lpm_mux:$00001" CBX_FILE_NAME="mux_mnc.tdf"/>
		<CBX_INST_ENTRY INSTANCE_NAME="|DataPath|myALU:inst16|Sub_8bit:inst5|CSA_8bit:inst|BUSMUX:instance|lpm_mux:$00000" CBX_FILE_NAME="mux_pnc.tdf"/>
		<CBX_INST_ENTRY INSTANCE_NAME="|DataPath|myALU:inst16|mux4to1_8bit:inst13|BUSMUX:inst1|lpm_mux:$00000" CBX_FILE_NAME="mux_tnc.tdf"/>
		<CBX_INST_ENTRY INSTANCE_NAME="|DataPath|BUSMUX:inst32|lpm_mux:$00000" CBX_FILE_NAME="mux_nnc.tdf"/>
		<CBX_INST_ENTRY INSTANCE_NAME="|DataPath|MyRegisterFile:inst9|mux_8to1:R1_selector|mux4to1_8bit:inst1|BUSMUX:inst2|lpm_mux:$00000" CBX_FILE_NAME="mux_tnc.tdf"/>
		<CBX_INST_ENTRY INSTANCE_NAME="|DataPath|MyRegisterFile:inst9|mux_8to1:R2_selector|mux4to1_8bit:inst1|BUSMUX:inst1|lpm_mux:$00000" CBX_FILE_NAME="mux_tnc.tdf"/>
		<CBX_INST_ENTRY INSTANCE_NAME="|DataPath|MyRegisterFile:inst9|mux_8to1:R2_selector|mux4to1_8bit:inst|BUSMUX:inst2|lpm_mux:$00000" CBX_FILE_NAME="mux_tnc.tdf"/>
		<CBX_INST_ENTRY INSTANCE_NAME="|DataPath|myALU:inst16|BUSMUX:inst11|lpm_mux:$00000" CBX_FILE_NAME="mux_tnc.tdf"/>
		<CBX_INST_ENTRY INSTANCE_NAME="|DataPath|myALU:inst16|booth_multiplier_8bit:inst8|mux4to1_8bit:inst2|BUSMUX:inst|lpm_mux:$00000" CBX_FILE_NAME="mux_tnc.tdf"/>
		<CBX_INST_ENTRY INSTANCE_NAME="|DataPath|myALU:inst16|mux4to1_8bit:inst13|BUSMUX:inst2|lpm_mux:$00000" CBX_FILE_NAME="mux_tnc.tdf"/>
		<CBX_INST_ENTRY INSTANCE_NAME="|DataPath|BUSMUX:inst15|lpm_mux:$00000" CBX_FILE_NAME="mux_pnc.tdf"/>
		<CBX_INST_ENTRY INSTANCE_NAME="|DataPath|HazardUnit:inst46|lpm_decode0:inst20|lpm_decode:LPM_DECODE_component" CBX_FILE_NAME="decode_4sf.tdf"/>
		<CBX_INST_ENTRY INSTANCE_NAME="|DataPath|MyRegisterFile:inst9|mux_8to1:R2_selector|mux4to1_8bit:inst1|BUSMUX:inst2|lpm_mux:$00000" CBX_FILE_NAME="mux_tnc.tdf"/>
		<CBX_INST_ENTRY INSTANCE_NAME="|DataPath|lpm_constant2:inst6|lpm_constant:LPM_CONSTANT_component" CBX_FILE_NAME="lpm_constant_sf6.tdf"/>
		<CBX_INST_ENTRY INSTANCE_NAME="|DataPath|lpm_constant_never:inst36|lpm_constant:LPM_CONSTANT_component" CBX_FILE_NAME="lpm_constant_9e6.tdf"/>
		<CBX_INST_ENTRY INSTANCE_NAME="|DataPath|myALU:inst16|BUSMUX:inst12|lpm_mux:$00000" CBX_FILE_NAME="mux_tnc.tdf"/>
		<CBX_INST_ENTRY INSTANCE_NAME="|DataPath|myALU:inst16|booth_multiplier_8bit:inst8|Add_8bit:inst4|CSA_8bit:inst|BUSMUX:instance|lpm_mux:$00000" CBX_FILE_NAME="mux_pnc.tdf"/>
		<CBX_INST_ENTRY INSTANCE_NAME="|DataPath|myALU:inst16|booth_multiplier_8bit:inst8|mux4to1_8bit:inst2|BUSMUX:inst1|lpm_mux:$00000" CBX_FILE_NAME="mux_tnc.tdf"/>
		<CBX_INST_ENTRY INSTANCE_NAME="|DataPath|HazardUnit:inst46|lpm_decode0:inst21|lpm_decode:LPM_DECODE_component" CBX_FILE_NAME="decode_4sf.tdf"/>
		<CBX_INST_ENTRY INSTANCE_NAME="|DataPath|lpm_constant3:inst33|lpm_constant:LPM_CONSTANT_component" CBX_FILE_NAME="lpm_constant_4e6.tdf"/>
		<CBX_INST_ENTRY INSTANCE_NAME="|DataPath|myALU:inst16|booth_multiplier_8bit:inst8|mux4to1_8bit:inst2|BUSMUX:inst2|lpm_mux:$00000" CBX_FILE_NAME="mux_tnc.tdf"/>
		<CBX_INST_ENTRY INSTANCE_NAME="|DataPath|BUSMUX:inst17|lpm_mux:$00000" CBX_FILE_NAME="mux_tnc.tdf"/>
		<CBX_INST_ENTRY INSTANCE_NAME="|DataPath|BUSMUX:inst26|lpm_mux:$00000" CBX_FILE_NAME="mux_onc.tdf"/>
		<CBX_INST_ENTRY INSTANCE_NAME="|DataPath|BUSMUX:inst35|lpm_mux:$00000" CBX_FILE_NAME="mux_tnc.tdf"/>
		<CBX_INST_ENTRY INSTANCE_NAME="|DataPath|HazardUnit:inst46|lpm_decode1:inst30|lpm_decode:LPM_DECODE_component" CBX_FILE_NAME="decode_srf.tdf"/>
		<CBX_INST_ENTRY INSTANCE_NAME="|DataPath|MyRegisterFile:inst9|mux_8to1:R1_selector|BUSMUX:inst2|lpm_mux:$00000" CBX_FILE_NAME="mux_tnc.tdf"/>
	</PROJECT>
</LOG_ROOT>
