<?xml version="1.0" ?>
<LOG_ROOT>
	<PROJECT NAME="MyDatapath">
		<CBX_INST_ENTRY INSTANCE_NAME="|DataPath|InstructionMemory:inst112|LPM_RAM_DP:inst2|altdpram:sram|altsyncram:ram_block" CBX_FILE_NAME="altsyncram_u132.tdf"/>
		<CBX_INST_ENTRY INSTANCE_NAME="|DataPath|MyRegisterFile:inst111|mux_8to1:R1_selector|mux4to1_8bit:inst|BUSMUX:inst|lpm_mux:$00000" CBX_FILE_NAME="mux_tnc.tdf"/>
		<CBX_INST_ENTRY INSTANCE_NAME="|DataPath|myALU:inst4|Add_8bit:inst1|CSA_8bit:inst|BUSMUX:instance|lpm_mux:$00000" CBX_FILE_NAME="mux_pnc.tdf"/>
		<CBX_INST_ENTRY INSTANCE_NAME="|DataPath|myALU:inst4|booth_multiplier_8bit:inst8|mux4to1_8bit:inst2|BUSMUX:inst2|lpm_mux:$00000" CBX_FILE_NAME="mux_tnc.tdf"/>
		<CBX_INST_ENTRY INSTANCE_NAME="|DataPath|BUSMUX:inst104|lpm_mux:$00000" CBX_FILE_NAME="mux_nnc.tdf"/>
		<CBX_INST_ENTRY INSTANCE_NAME="|DataPath|DataMemory:inst5|LPM_RAM_DP:inst2|altdpram:sram|altsyncram:ram_block" CBX_FILE_NAME="altsyncram_0sv1.tdf"/>
		<CBX_INST_ENTRY INSTANCE_NAME="|DataPath|MyRegisterFile:inst111|mux_8to1:R1_selector|mux4to1_8bit:inst1|BUSMUX:inst|lpm_mux:$00000" CBX_FILE_NAME="mux_tnc.tdf"/>
		<CBX_INST_ENTRY INSTANCE_NAME="|DataPath|MyRegisterFile:inst111|mux_8to1:R1_selector|mux4to1_8bit:inst|BUSMUX:inst1|lpm_mux:$00000" CBX_FILE_NAME="mux_tnc.tdf"/>
		<CBX_INST_ENTRY INSTANCE_NAME="|DataPath|MyRegisterFile:inst111|mux_8to1:R2_selector|mux4to1_8bit:inst|BUSMUX:inst|lpm_mux:$00000" CBX_FILE_NAME="mux_tnc.tdf"/>
		<CBX_INST_ENTRY INSTANCE_NAME="|DataPath|myALU:inst4|booth_multiplier_8bit:inst8|Sub_8bit:inst8|CSA_8bit:inst|MUX:inst5|lpm_mux:$00001" CBX_FILE_NAME="mux_mnc.tdf"/>
		<CBX_INST_ENTRY INSTANCE_NAME="|DataPath|BUSMUX:inst6|lpm_mux:$00000" CBX_FILE_NAME="mux_onc.tdf"/>
		<CBX_INST_ENTRY INSTANCE_NAME="|DataPath|InstructionMemory:inst112|LPM_RAM_DP:inst2|altdpram:sram" CBX_FILE_NAME="dpram_h4f1.tdf"/>
		<CBX_INST_ENTRY INSTANCE_NAME="|DataPath|MyRegisterFile:inst111|mux_8to1:R1_selector|mux4to1_8bit:inst1|BUSMUX:inst1|lpm_mux:$00000" CBX_FILE_NAME="mux_tnc.tdf"/>
		<CBX_INST_ENTRY INSTANCE_NAME="|DataPath|MyRegisterFile:inst111|mux_8to1:R1_selector|mux4to1_8bit:inst|BUSMUX:inst2|lpm_mux:$00000" CBX_FILE_NAME="mux_tnc.tdf"/>
		<CBX_INST_ENTRY INSTANCE_NAME="|DataPath|MyRegisterFile:inst111|mux_8to1:R2_selector|mux4to1_8bit:inst1|BUSMUX:inst|lpm_mux:$00000" CBX_FILE_NAME="mux_tnc.tdf"/>
		<CBX_INST_ENTRY INSTANCE_NAME="|DataPath|MyRegisterFile:inst111|mux_8to1:R2_selector|mux4to1_8bit:inst|BUSMUX:inst1|lpm_mux:$00000" CBX_FILE_NAME="mux_tnc.tdf"/>
		<CBX_INST_ENTRY INSTANCE_NAME="|DataPath|myALU:inst4|Sub_8bit:inst5|CSA_8bit:inst|MUX:inst5|lpm_mux:$00001" CBX_FILE_NAME="mux_mnc.tdf"/>
		<CBX_INST_ENTRY INSTANCE_NAME="|DataPath|BUSMUX:inst16|lpm_mux:$00000" CBX_FILE_NAME="mux_tnc.tdf"/>
		<CBX_INST_ENTRY INSTANCE_NAME="|DataPath|DataMemory:inst5|LPM_RAM_DP:inst2|altdpram:sram" CBX_FILE_NAME="dpram_sfb1.tdf"/>
		<CBX_INST_ENTRY INSTANCE_NAME="|DataPath|MyRegisterFile:inst111|mux_8to1:R1_selector|mux4to1_8bit:inst1|BUSMUX:inst2|lpm_mux:$00000" CBX_FILE_NAME="mux_tnc.tdf"/>
		<CBX_INST_ENTRY INSTANCE_NAME="|DataPath|MyRegisterFile:inst111|mux_8to1:R2_selector|mux4to1_8bit:inst1|BUSMUX:inst1|lpm_mux:$00000" CBX_FILE_NAME="mux_tnc.tdf"/>
		<CBX_INST_ENTRY INSTANCE_NAME="|DataPath|MyRegisterFile:inst111|mux_8to1:R2_selector|mux4to1_8bit:inst|BUSMUX:inst2|lpm_mux:$00000" CBX_FILE_NAME="mux_tnc.tdf"/>
		<CBX_INST_ENTRY INSTANCE_NAME="|DataPath|MyRegisterFile:inst111|mux_8to1:R2_selector|mux4to1_8bit:inst1|BUSMUX:inst2|lpm_mux:$00000" CBX_FILE_NAME="mux_tnc.tdf"/>
		<CBX_INST_ENTRY INSTANCE_NAME="|DataPath|myALU:inst4|booth_multiplier_8bit:inst8|Add_8bit:inst4|CSA_8bit:inst|MUX:inst5|lpm_mux:$00001" CBX_FILE_NAME="mux_mnc.tdf"/>
		<CBX_INST_ENTRY INSTANCE_NAME="|DataPath|myALU:inst4|booth_multiplier_8bit:inst8|Sub_8bit:inst8|CSA_8bit:inst|BUSMUX:instance|lpm_mux:$00000" CBX_FILE_NAME="mux_pnc.tdf"/>
		<CBX_INST_ENTRY INSTANCE_NAME="|DataPath|myALU:inst4|mux4to1_8bit:inst13|BUSMUX:inst|lpm_mux:$00000" CBX_FILE_NAME="mux_tnc.tdf"/>
		<CBX_INST_ENTRY INSTANCE_NAME="|DataPath|BUSMUX:inst1|lpm_mux:$00000" CBX_FILE_NAME="mux_tnc.tdf"/>
		<CBX_INST_ENTRY INSTANCE_NAME="|DataPath|mux_4:inst13|BUSMUX:mux|lpm_mux:$00000" CBX_FILE_NAME="mux_tnc.tdf"/>
		<CBX_INST_ENTRY INSTANCE_NAME="|DataPath|myALU:inst4|Add_8bit:inst1|CSA_8bit:inst|MUX:inst5|lpm_mux:$00001" CBX_FILE_NAME="mux_mnc.tdf"/>
		<CBX_INST_ENTRY INSTANCE_NAME="|DataPath|myALU:inst4|Sub_8bit:inst5|CSA_8bit:inst|BUSMUX:instance|lpm_mux:$00000" CBX_FILE_NAME="mux_pnc.tdf"/>
		<CBX_INST_ENTRY INSTANCE_NAME="|DataPath|myALU:inst4|mux4to1_8bit:inst13|BUSMUX:inst1|lpm_mux:$00000" CBX_FILE_NAME="mux_tnc.tdf"/>
		<CBX_INST_ENTRY INSTANCE_NAME="|DataPath|BUSMUX:inst2|lpm_mux:$00000" CBX_FILE_NAME="mux_tnc.tdf"/>
		<CBX_INST_ENTRY INSTANCE_NAME="|DataPath|MyRegisterFile:inst111|mux_8to1:R1_selector|BUSMUX:inst2|lpm_mux:$00000" CBX_FILE_NAME="mux_tnc.tdf"/>
		<CBX_INST_ENTRY INSTANCE_NAME="|DataPath|mux_4:inst13|BUSMUX:mux1|lpm_mux:$00000" CBX_FILE_NAME="mux_tnc.tdf"/>
		<CBX_INST_ENTRY INSTANCE_NAME="|DataPath|myALU:inst4|BUSMUX:inst11|lpm_mux:$00000" CBX_FILE_NAME="mux_tnc.tdf"/>
		<CBX_INST_ENTRY INSTANCE_NAME="|DataPath|myALU:inst4|booth_multiplier_8bit:inst8|mux4to1_8bit:inst2|BUSMUX:inst|lpm_mux:$00000" CBX_FILE_NAME="mux_tnc.tdf"/>
		<CBX_INST_ENTRY INSTANCE_NAME="|DataPath|myALU:inst4|mux4to1_8bit:inst13|BUSMUX:inst2|lpm_mux:$00000" CBX_FILE_NAME="mux_tnc.tdf"/>
		<CBX_INST_ENTRY INSTANCE_NAME="|DataPath|BUSMUX:inst21|lpm_mux:$00000" CBX_FILE_NAME="mux_tnc.tdf"/>
		<CBX_INST_ENTRY INSTANCE_NAME="|DataPath|MyRegisterFile:inst111|mux_8to1:R2_selector|BUSMUX:inst2|lpm_mux:$00000" CBX_FILE_NAME="mux_tnc.tdf"/>
		<CBX_INST_ENTRY INSTANCE_NAME="|DataPath|mux_4:inst13|BUSMUX:mux2|lpm_mux:$00000" CBX_FILE_NAME="mux_tnc.tdf"/>
		<CBX_INST_ENTRY INSTANCE_NAME="|DataPath|myALU:inst4|BUSMUX:inst12|lpm_mux:$00000" CBX_FILE_NAME="mux_tnc.tdf"/>
		<CBX_INST_ENTRY INSTANCE_NAME="|DataPath|myALU:inst4|booth_multiplier_8bit:inst8|Add_8bit:inst4|CSA_8bit:inst|BUSMUX:instance|lpm_mux:$00000" CBX_FILE_NAME="mux_pnc.tdf"/>
		<CBX_INST_ENTRY INSTANCE_NAME="|DataPath|myALU:inst4|booth_multiplier_8bit:inst8|mux4to1_8bit:inst2|BUSMUX:inst1|lpm_mux:$00000" CBX_FILE_NAME="mux_tnc.tdf"/>
	</PROJECT>
</LOG_ROOT>
